{
  "JFK": [40.6413, -73.7781],
  "LAX": [33.9425, -118.4081],
  "ATL": [33.6407, -84.4277],
  "ORD": [41.9742, -87.9073],
  "DFW": [32.8998, -97.0403],
  "DEN": [39.8561, -104.6737],
  "SEA": [47.4502, -122.3088],
  "SFO": [37.6189, -122.375],
  "PHX": [33.4343, -112.0116],
  "LAS": [36.084, -115.1537],
  "MSP": [44.8848, -93.2223],
  "DTW": [42.2124, -83.3534],
  "CLE": [41.4094, -81.8547],
  "PIT": [40.4915, -80.2327],
  "BWI": [39.1754, -76.6683],
  "IAD": [38.9445, -77.4558],
  "CLT": [35.214, -80.9431],
  "RDU": [35.8776, -78.7875],
  "BNA": [36.1245, -86.6782],
  "MEM": [35.0421, -89.9792],
  "STL": [38.7487, -90.37],
  "CVG": [39.0488, -84.6678],
  "IND": [39.7173, -86.2944],
  "CMH": [39.998, -82.8919],
  "SDF": [38.1744, -85.736],
  "MSY": [29.9934, -90.258],
  "HOU": [29.6454, -95.2789],
  "SAT": [29.5337, -98.4698],
  "AUS": [30.1945, -97.6699],
  "ELP": [31.8072, -106.3776],
  "ABQ": [35.0402, -106.609],
  "ACT": [31.61139, -97.23056],
  "GGG": [32.38389, -94.71139],
  "OKC": [35.3931, -97.6007],
  "TUL": [36.1984, -95.8881],
  "DSM": [41.534, -93.6631],
  "OMA": [41.3032, -95.8941],
  "ICT": [37.6499, -97.4331],
  "MCI": [39.2976, -94.7139],
  "SLC": [40.7884, -111.9778],
  "BOI": [43.5644, -114.343],
  "GEG": [47.6191, -117.5336],
  "PDX": [45.5887, -122.5968]
}
